date_id|date|day|month|year|weekday
1|2020-01-01|1|1|2020|3
2|2020-01-02|2|1|2020|4
3|2020-01-03|3|1|2020|5
4|2020-01-04|4|1|2020|6
5|2020-01-05|5|1|2020|7
6|2020-01-06|6|1|2020|1
7|2020-01-07|7|1|2020|2
8|2020-01-08|8|1|2020|3
9|2020-01-09|9|1|2020|4
10|2020-01-10|10|1|2020|5
11|2020-01-11|11|1|2020|6
12|2020-01-12|12|1|2020|7
13|2020-01-13|13|1|2020|1
14|2020-01-14|14|1|2020|2
15|2020-01-15|15|1|2020|3
16|2020-01-16|16|1|2020|4
17|2020-01-17|17|1|2020|5
18|2020-01-18|18|1|2020|6
19|2020-01-19|19|1|2020|7
20|2020-01-20|20|1|2020|1
21|2020-01-21|21|1|2020|2
22|2020-01-22|22|1|2020|3
23|2020-01-23|23|1|2020|4
24|2020-01-24|24|1|2020|5
25|2020-01-25|25|1|2020|6
26|2020-01-26|26|1|2020|7
27|2020-01-27|27|1|2020|1
28|2020-01-28|28|1|2020|2
29|2020-01-29|29|1|2020|3
30|2020-01-30|30|1|2020|4
31|2020-01-31|31|1|2020|5
32|2020-02-01|1|2|2020|6
33|2020-02-02|2|2|2020|7
34|2020-02-03|3|2|2020|1
35|2020-02-04|4|2|2020|2
36|2020-02-05|5|2|2020|3
37|2020-02-06|6|2|2020|4
38|2020-02-07|7|2|2020|5
39|2020-02-08|8|2|2020|6
40|2020-02-09|9|2|2020|7
41|2020-02-10|10|2|2020|1
42|2020-02-11|11|2|2020|2
43|2020-02-12|12|2|2020|3
44|2020-02-13|13|2|2020|4
45|2020-02-14|14|2|2020|5
46|2020-02-15|15|2|2020|6
47|2020-02-16|16|2|2020|7
48|2020-02-17|17|2|2020|1
49|2020-02-18|18|2|2020|2
50|2020-02-19|19|2|2020|3
51|2020-02-20|20|2|2020|4
52|2020-02-21|21|2|2020|5
53|2020-02-22|22|2|2020|6
54|2020-02-23|23|2|2020|7
55|2020-02-24|24|2|2020|1
56|2020-02-25|25|2|2020|2
57|2020-02-26|26|2|2020|3
58|2020-02-27|27|2|2020|4
59|2020-02-28|28|2|2020|5
60|2020-02-29|29|2|2020|6
61|2020-03-01|1|3|2020|7
62|2020-03-02|2|3|2020|1
63|2020-03-03|3|3|2020|2
64|2020-03-04|4|3|2020|3
65|2020-03-05|5|3|2020|4
66|2020-03-06|6|3|2020|5
67|2020-03-07|7|3|2020|6
68|2020-03-08|8|3|2020|7
69|2020-03-09|9|3|2020|1
70|2020-03-10|10|3|2020|2
71|2020-03-11|11|3|2020|3
72|2020-03-12|12|3|2020|4
73|2020-03-13|13|3|2020|5
74|2020-03-14|14|3|2020|6
75|2020-03-15|15|3|2020|7
76|2020-03-16|16|3|2020|1
77|2020-03-17|17|3|2020|2
78|2020-03-18|18|3|2020|3
79|2020-03-19|19|3|2020|4
80|2020-03-20|20|3|2020|5
81|2020-03-21|21|3|2020|6
82|2020-03-22|22|3|2020|7
83|2020-03-23|23|3|2020|1
84|2020-03-24|24|3|2020|2
85|2020-03-25|25|3|2020|3
86|2020-03-26|26|3|2020|4
87|2020-03-27|27|3|2020|5
88|2020-03-28|28|3|2020|6
89|2020-03-29|29|3|2020|7
90|2020-03-30|30|3|2020|1
91|2020-03-31|31|3|2020|2
92|2020-04-01|1|4|2020|3
93|2020-04-02|2|4|2020|4
94|2020-04-03|3|4|2020|5
95|2020-04-04|4|4|2020|6
96|2020-04-05|5|4|2020|7
97|2020-04-06|6|4|2020|1
98|2020-04-07|7|4|2020|2
99|2020-04-08|8|4|2020|3
100|2020-04-09|9|4|2020|4
101|2020-04-10|10|4|2020|5
102|2020-04-11|11|4|2020|6
103|2020-04-12|12|4|2020|7
104|2020-04-13|13|4|2020|1
105|2020-04-14|14|4|2020|2
106|2020-04-15|15|4|2020|3
107|2020-04-16|16|4|2020|4
108|2020-04-17|17|4|2020|5
109|2020-04-18|18|4|2020|6
110|2020-04-19|19|4|2020|7
111|2020-04-20|20|4|2020|1
112|2020-04-21|21|4|2020|2
113|2020-04-22|22|4|2020|3
114|2020-04-23|23|4|2020|4
115|2020-04-24|24|4|2020|5
116|2020-04-25|25|4|2020|6
117|2020-04-26|26|4|2020|7
118|2020-04-27|27|4|2020|1
119|2020-04-28|28|4|2020|2
120|2020-04-29|29|4|2020|3
121|2020-04-30|30|4|2020|4
122|2020-05-01|1|5|2020|5
123|2020-05-02|2|5|2020|6
124|2020-05-03|3|5|2020|7
125|2020-05-04|4|5|2020|1
126|2020-05-05|5|5|2020|2
127|2020-05-06|6|5|2020|3
128|2020-05-07|7|5|2020|4
129|2020-05-08|8|5|2020|5
130|2020-05-09|9|5|2020|6
131|2020-05-10|10|5|2020|7
132|2020-05-11|11|5|2020|1
133|2020-05-12|12|5|2020|2
134|2020-05-13|13|5|2020|3
135|2020-05-14|14|5|2020|4
136|2020-05-15|15|5|2020|5
137|2020-05-16|16|5|2020|6
138|2020-05-17|17|5|2020|7
139|2020-05-18|18|5|2020|1
140|2020-05-19|19|5|2020|2
141|2020-05-20|20|5|2020|3
142|2020-05-21|21|5|2020|4
143|2020-05-22|22|5|2020|5
144|2020-05-23|23|5|2020|6
145|2020-05-24|24|5|2020|7
146|2020-05-25|25|5|2020|1
147|2020-05-26|26|5|2020|2
148|2020-05-27|27|5|2020|3
149|2020-05-28|28|5|2020|4
150|2020-05-29|29|5|2020|5
151|2020-05-30|30|5|2020|6
152|2020-05-31|31|5|2020|7
153|2020-06-01|1|6|2020|1
154|2020-06-02|2|6|2020|2
155|2020-06-03|3|6|2020|3
156|2020-06-04|4|6|2020|4
157|2020-06-05|5|6|2020|5
158|2020-06-06|6|6|2020|6
159|2020-06-07|7|6|2020|7
160|2020-06-08|8|6|2020|1
161|2020-06-09|9|6|2020|2
162|2020-06-10|10|6|2020|3
163|2020-06-11|11|6|2020|4
164|2020-06-12|12|6|2020|5
165|2020-06-13|13|6|2020|6
166|2020-06-14|14|6|2020|7
167|2020-06-15|15|6|2020|1
168|2020-06-16|16|6|2020|2
169|2020-06-17|17|6|2020|3
170|2020-06-18|18|6|2020|4
171|2020-06-19|19|6|2020|5
172|2020-06-20|20|6|2020|6
173|2020-06-21|21|6|2020|7
174|2020-06-22|22|6|2020|1
175|2020-06-23|23|6|2020|2
176|2020-06-24|24|6|2020|3
177|2020-06-25|25|6|2020|4
178|2020-06-26|26|6|2020|5
179|2020-06-27|27|6|2020|6
180|2020-06-28|28|6|2020|7
181|2020-06-29|29|6|2020|1
182|2020-06-30|30|6|2020|2
183|2020-07-01|1|7|2020|3
184|2020-07-02|2|7|2020|4
185|2020-07-03|3|7|2020|5
186|2020-07-04|4|7|2020|6
187|2020-07-05|5|7|2020|7
188|2020-07-06|6|7|2020|1
189|2020-07-07|7|7|2020|2
190|2020-07-08|8|7|2020|3
191|2020-07-09|9|7|2020|4
192|2020-07-10|10|7|2020|5
193|2020-07-11|11|7|2020|6
194|2020-07-12|12|7|2020|7
195|2020-07-13|13|7|2020|1
196|2020-07-14|14|7|2020|2
197|2020-07-15|15|7|2020|3
198|2020-07-16|16|7|2020|4
199|2020-07-17|17|7|2020|5
200|2020-07-18|18|7|2020|6
201|2020-07-19|19|7|2020|7
202|2020-07-20|20|7|2020|1
203|2020-07-21|21|7|2020|2
204|2020-07-22|22|7|2020|3
205|2020-07-23|23|7|2020|4
206|2020-07-24|24|7|2020|5
207|2020-07-25|25|7|2020|6
208|2020-07-26|26|7|2020|7
209|2020-07-27|27|7|2020|1
210|2020-07-28|28|7|2020|2
211|2020-07-29|29|7|2020|3
212|2020-07-30|30|7|2020|4
213|2020-07-31|31|7|2020|5
214|2020-08-01|1|8|2020|6
215|2020-08-02|2|8|2020|7
216|2020-08-03|3|8|2020|1
217|2020-08-04|4|8|2020|2
218|2020-08-05|5|8|2020|3
219|2020-08-06|6|8|2020|4
220|2020-08-07|7|8|2020|5
221|2020-08-08|8|8|2020|6
222|2020-08-09|9|8|2020|7
223|2020-08-10|10|8|2020|1
224|2020-08-11|11|8|2020|2
225|2020-08-12|12|8|2020|3
226|2020-08-13|13|8|2020|4
227|2020-08-14|14|8|2020|5
228|2020-08-15|15|8|2020|6
229|2020-08-16|16|8|2020|7
230|2020-08-17|17|8|2020|1
231|2020-08-18|18|8|2020|2
232|2020-08-19|19|8|2020|3
233|2020-08-20|20|8|2020|4
234|2020-08-21|21|8|2020|5
235|2020-08-22|22|8|2020|6
236|2020-08-23|23|8|2020|7
237|2020-08-24|24|8|2020|1
238|2020-08-25|25|8|2020|2
239|2020-08-26|26|8|2020|3
240|2020-08-27|27|8|2020|4
241|2020-08-28|28|8|2020|5
242|2020-08-29|29|8|2020|6
243|2020-08-30|30|8|2020|7
244|2020-08-31|31|8|2020|1
245|2020-09-01|1|9|2020|2
246|2020-09-02|2|9|2020|3
247|2020-09-03|3|9|2020|4
248|2020-09-04|4|9|2020|5
249|2020-09-05|5|9|2020|6
250|2020-09-06|6|9|2020|7
251|2020-09-07|7|9|2020|1
252|2020-09-08|8|9|2020|2
253|2020-09-09|9|9|2020|3
254|2020-09-10|10|9|2020|4
255|2020-09-11|11|9|2020|5
256|2020-09-12|12|9|2020|6
257|2020-09-13|13|9|2020|7
258|2020-09-14|14|9|2020|1
259|2020-09-15|15|9|2020|2
260|2020-09-16|16|9|2020|3
261|2020-09-17|17|9|2020|4
262|2020-09-18|18|9|2020|5
263|2020-09-19|19|9|2020|6
264|2020-09-20|20|9|2020|7
265|2020-09-21|21|9|2020|1
266|2020-09-22|22|9|2020|2
267|2020-09-23|23|9|2020|3
268|2020-09-24|24|9|2020|4
269|2020-09-25|25|9|2020|5
270|2020-09-26|26|9|2020|6
271|2020-09-27|27|9|2020|7
272|2020-09-28|28|9|2020|1
273|2020-09-29|29|9|2020|2
274|2020-09-30|30|9|2020|3
275|2020-10-01|1|10|2020|4
276|2020-10-02|2|10|2020|5
277|2020-10-03|3|10|2020|6
278|2020-10-04|4|10|2020|7
279|2020-10-05|5|10|2020|1
280|2020-10-06|6|10|2020|2
281|2020-10-07|7|10|2020|3
282|2020-10-08|8|10|2020|4
283|2020-10-09|9|10|2020|5
284|2020-10-10|10|10|2020|6
285|2020-10-11|11|10|2020|7
286|2020-10-12|12|10|2020|1
287|2020-10-13|13|10|2020|2
288|2020-10-14|14|10|2020|3
289|2020-10-15|15|10|2020|4
290|2020-10-16|16|10|2020|5
291|2020-10-17|17|10|2020|6
292|2020-10-18|18|10|2020|7
293|2020-10-19|19|10|2020|1
294|2020-10-20|20|10|2020|2
295|2020-10-21|21|10|2020|3
296|2020-10-22|22|10|2020|4
297|2020-10-23|23|10|2020|5
298|2020-10-24|24|10|2020|6
299|2020-10-25|25|10|2020|7
300|2020-10-26|26|10|2020|1
301|2020-10-27|27|10|2020|2
302|2020-10-28|28|10|2020|3
303|2020-10-29|29|10|2020|4
304|2020-10-30|30|10|2020|5
305|2020-10-31|31|10|2020|6
306|2020-11-01|1|11|2020|7
307|2020-11-02|2|11|2020|1
308|2020-11-03|3|11|2020|2
309|2020-11-04|4|11|2020|3
310|2020-11-05|5|11|2020|4
311|2020-11-06|6|11|2020|5
312|2020-11-07|7|11|2020|6
313|2020-11-08|8|11|2020|7
314|2020-11-09|9|11|2020|1
315|2020-11-10|10|11|2020|2
316|2020-11-11|11|11|2020|3
317|2020-11-12|12|11|2020|4
318|2020-11-13|13|11|2020|5
319|2020-11-14|14|11|2020|6
320|2020-11-15|15|11|2020|7
321|2020-11-16|16|11|2020|1
322|2020-11-17|17|11|2020|2
323|2020-11-18|18|11|2020|3
324|2020-11-19|19|11|2020|4
325|2020-11-20|20|11|2020|5
326|2020-11-21|21|11|2020|6
327|2020-11-22|22|11|2020|7
328|2020-11-23|23|11|2020|1
329|2020-11-24|24|11|2020|2
330|2020-11-25|25|11|2020|3
331|2020-11-26|26|11|2020|4
332|2020-11-27|27|11|2020|5
333|2020-11-28|28|11|2020|6
334|2020-11-29|29|11|2020|7
335|2020-11-30|30|11|2020|1
336|2020-12-01|1|12|2020|2
337|2020-12-02|2|12|2020|3
338|2020-12-03|3|12|2020|4
339|2020-12-04|4|12|2020|5
340|2020-12-05|5|12|2020|6
341|2020-12-06|6|12|2020|7
342|2020-12-07|7|12|2020|1
343|2020-12-08|8|12|2020|2
344|2020-12-09|9|12|2020|3
345|2020-12-10|10|12|2020|4
346|2020-12-11|11|12|2020|5
347|2020-12-12|12|12|2020|6
348|2020-12-13|13|12|2020|7
349|2020-12-14|14|12|2020|1
350|2020-12-15|15|12|2020|2
351|2020-12-16|16|12|2020|3
352|2020-12-17|17|12|2020|4
353|2020-12-18|18|12|2020|5
354|2020-12-19|19|12|2020|6
355|2020-12-20|20|12|2020|7
356|2020-12-21|21|12|2020|1
357|2020-12-22|22|12|2020|2
358|2020-12-23|23|12|2020|3
359|2020-12-24|24|12|2020|4
360|2020-12-25|25|12|2020|5
361|2020-12-26|26|12|2020|6
362|2020-12-27|27|12|2020|7
363|2020-12-28|28|12|2020|1
364|2020-12-29|29|12|2020|2
365|2020-12-30|30|12|2020|3
366|2020-12-31|31|12|2020|4
367|2021-01-01|1|1|2021|5
368|2021-01-02|2|1|2021|6
369|2021-01-03|3|1|2021|7
370|2021-01-04|4|1|2021|1
371|2021-01-05|5|1|2021|2
372|2021-01-06|6|1|2021|3
373|2021-01-07|7|1|2021|4
374|2021-01-08|8|1|2021|5
375|2021-01-09|9|1|2021|6
376|2021-01-10|10|1|2021|7
377|2021-01-11|11|1|2021|1
378|2021-01-12|12|1|2021|2
379|2021-01-13|13|1|2021|3
380|2021-01-14|14|1|2021|4
381|2021-01-15|15|1|2021|5
382|2021-01-16|16|1|2021|6
383|2021-01-17|17|1|2021|7
384|2021-01-18|18|1|2021|1
385|2021-01-19|19|1|2021|2
386|2021-01-20|20|1|2021|3
387|2021-01-21|21|1|2021|4
388|2021-01-22|22|1|2021|5
389|2021-01-23|23|1|2021|6
390|2021-01-24|24|1|2021|7
391|2021-01-25|25|1|2021|1
392|2021-01-26|26|1|2021|2
393|2021-01-27|27|1|2021|3
394|2021-01-28|28|1|2021|4
395|2021-01-29|29|1|2021|5
396|2021-01-30|30|1|2021|6
397|2021-01-31|31|1|2021|7
398|2021-02-01|1|2|2021|1
399|2021-02-02|2|2|2021|2
400|2021-02-03|3|2|2021|3
401|2021-02-04|4|2|2021|4
402|2021-02-05|5|2|2021|5
403|2021-02-06|6|2|2021|6
404|2021-02-07|7|2|2021|7
405|2021-02-08|8|2|2021|1
406|2021-02-09|9|2|2021|2
407|2021-02-10|10|2|2021|3
408|2021-02-11|11|2|2021|4
409|2021-02-12|12|2|2021|5
410|2021-02-13|13|2|2021|6
411|2021-02-14|14|2|2021|7
412|2021-02-15|15|2|2021|1
413|2021-02-16|16|2|2021|2
414|2021-02-17|17|2|2021|3
415|2021-02-18|18|2|2021|4
416|2021-02-19|19|2|2021|5
417|2021-02-20|20|2|2021|6
418|2021-02-21|21|2|2021|7
419|2021-02-22|22|2|2021|1
420|2021-02-23|23|2|2021|2
421|2021-02-24|24|2|2021|3
422|2021-02-25|25|2|2021|4
423|2021-02-26|26|2|2021|5
424|2021-02-27|27|2|2021|6
425|2021-02-28|28|2|2021|7
426|2021-03-01|1|3|2021|1
427|2021-03-02|2|3|2021|2
428|2021-03-03|3|3|2021|3
429|2021-03-04|4|3|2021|4
430|2021-03-05|5|3|2021|5
431|2021-03-06|6|3|2021|6
432|2021-03-07|7|3|2021|7
433|2021-03-08|8|3|2021|1
434|2021-03-09|9|3|2021|2
435|2021-03-10|10|3|2021|3
436|2021-03-11|11|3|2021|4
437|2021-03-12|12|3|2021|5
438|2021-03-13|13|3|2021|6
439|2021-03-14|14|3|2021|7
440|2021-03-15|15|3|2021|1
441|2021-03-16|16|3|2021|2
442|2021-03-17|17|3|2021|3
443|2021-03-18|18|3|2021|4
444|2021-03-19|19|3|2021|5
445|2021-03-20|20|3|2021|6
446|2021-03-21|21|3|2021|7
447|2021-03-22|22|3|2021|1
448|2021-03-23|23|3|2021|2
449|2021-03-24|24|3|2021|3
450|2021-03-25|25|3|2021|4
451|2021-03-26|26|3|2021|5
452|2021-03-27|27|3|2021|6
453|2021-03-28|28|3|2021|7
454|2021-03-29|29|3|2021|1
455|2021-03-30|30|3|2021|2
456|2021-03-31|31|3|2021|3
457|2021-04-01|1|4|2021|4
458|2021-04-02|2|4|2021|5
459|2021-04-03|3|4|2021|6
460|2021-04-04|4|4|2021|7
461|2021-04-05|5|4|2021|1
462|2021-04-06|6|4|2021|2
463|2021-04-07|7|4|2021|3
464|2021-04-08|8|4|2021|4
465|2021-04-09|9|4|2021|5
466|2021-04-10|10|4|2021|6
467|2021-04-11|11|4|2021|7
468|2021-04-12|12|4|2021|1
469|2021-04-13|13|4|2021|2
470|2021-04-14|14|4|2021|3
471|2021-04-15|15|4|2021|4
472|2021-04-16|16|4|2021|5
473|2021-04-17|17|4|2021|6
474|2021-04-18|18|4|2021|7
475|2021-04-19|19|4|2021|1
476|2021-04-20|20|4|2021|2
477|2021-04-21|21|4|2021|3
478|2021-04-22|22|4|2021|4
479|2021-04-23|23|4|2021|5
480|2021-04-24|24|4|2021|6
481|2021-04-25|25|4|2021|7
482|2021-04-26|26|4|2021|1
483|2021-04-27|27|4|2021|2
484|2021-04-28|28|4|2021|3
485|2021-04-29|29|4|2021|4
486|2021-04-30|30|4|2021|5
487|2021-05-01|1|5|2021|6
488|2021-05-02|2|5|2021|7
489|2021-05-03|3|5|2021|1
490|2021-05-04|4|5|2021|2
491|2021-05-05|5|5|2021|3
492|2021-05-06|6|5|2021|4
493|2021-05-07|7|5|2021|5
494|2021-05-08|8|5|2021|6
495|2021-05-09|9|5|2021|7
496|2021-05-10|10|5|2021|1
497|2021-05-11|11|5|2021|2
498|2021-05-12|12|5|2021|3
499|2021-05-13|13|5|2021|4
500|2021-05-14|14|5|2021|5
501|2021-05-15|15|5|2021|6
502|2021-05-16|16|5|2021|7
503|2021-05-17|17|5|2021|1
504|2021-05-18|18|5|2021|2
505|2021-05-19|19|5|2021|3
506|2021-05-20|20|5|2021|4
507|2021-05-21|21|5|2021|5
508|2021-05-22|22|5|2021|6
509|2021-05-23|23|5|2021|7
510|2021-05-24|24|5|2021|1
511|2021-05-25|25|5|2021|2
512|2021-05-26|26|5|2021|3
513|2021-05-27|27|5|2021|4
514|2021-05-28|28|5|2021|5
515|2021-05-29|29|5|2021|6
516|2021-05-30|30|5|2021|7
517|2021-05-31|31|5|2021|1
518|2021-06-01|1|6|2021|2
519|2021-06-02|2|6|2021|3
520|2021-06-03|3|6|2021|4
521|2021-06-04|4|6|2021|5
522|2021-06-05|5|6|2021|6
523|2021-06-06|6|6|2021|7
524|2021-06-07|7|6|2021|1
525|2021-06-08|8|6|2021|2
526|2021-06-09|9|6|2021|3
527|2021-06-10|10|6|2021|4
528|2021-06-11|11|6|2021|5
529|2021-06-12|12|6|2021|6
530|2021-06-13|13|6|2021|7
531|2021-06-14|14|6|2021|1
532|2021-06-15|15|6|2021|2
533|2021-06-16|16|6|2021|3
534|2021-06-17|17|6|2021|4
535|2021-06-18|18|6|2021|5
536|2021-06-19|19|6|2021|6
537|2021-06-20|20|6|2021|7
538|2021-06-21|21|6|2021|1
539|2021-06-22|22|6|2021|2
540|2021-06-23|23|6|2021|3
541|2021-06-24|24|6|2021|4
542|2021-06-25|25|6|2021|5
543|2021-06-26|26|6|2021|6
544|2021-06-27|27|6|2021|7
545|2021-06-28|28|6|2021|1
546|2021-06-29|29|6|2021|2
547|2021-06-30|30|6|2021|3
548|2021-07-01|1|7|2021|4
549|2021-07-02|2|7|2021|5
550|2021-07-03|3|7|2021|6
551|2021-07-04|4|7|2021|7
552|2021-07-05|5|7|2021|1
553|2021-07-06|6|7|2021|2
554|2021-07-07|7|7|2021|3
555|2021-07-08|8|7|2021|4
556|2021-07-09|9|7|2021|5
557|2021-07-10|10|7|2021|6
558|2021-07-11|11|7|2021|7
559|2021-07-12|12|7|2021|1
560|2021-07-13|13|7|2021|2
561|2021-07-14|14|7|2021|3
562|2021-07-15|15|7|2021|4
563|2021-07-16|16|7|2021|5
564|2021-07-17|17|7|2021|6
565|2021-07-18|18|7|2021|7
566|2021-07-19|19|7|2021|1
567|2021-07-20|20|7|2021|2
568|2021-07-21|21|7|2021|3
569|2021-07-22|22|7|2021|4
570|2021-07-23|23|7|2021|5
571|2021-07-24|24|7|2021|6
572|2021-07-25|25|7|2021|7
573|2021-07-26|26|7|2021|1
574|2021-07-27|27|7|2021|2
575|2021-07-28|28|7|2021|3
576|2021-07-29|29|7|2021|4
577|2021-07-30|30|7|2021|5
578|2021-07-31|31|7|2021|6
579|2021-08-01|1|8|2021|7
580|2021-08-02|2|8|2021|1
581|2021-08-03|3|8|2021|2
582|2021-08-04|4|8|2021|3
583|2021-08-05|5|8|2021|4
584|2021-08-06|6|8|2021|5
585|2021-08-07|7|8|2021|6
586|2021-08-08|8|8|2021|7
587|2021-08-09|9|8|2021|1
588|2021-08-10|10|8|2021|2
589|2021-08-11|11|8|2021|3
590|2021-08-12|12|8|2021|4
591|2021-08-13|13|8|2021|5
592|2021-08-14|14|8|2021|6
593|2021-08-15|15|8|2021|7
594|2021-08-16|16|8|2021|1
595|2021-08-17|17|8|2021|2
596|2021-08-18|18|8|2021|3
597|2021-08-19|19|8|2021|4
598|2021-08-20|20|8|2021|5
599|2021-08-21|21|8|2021|6
600|2021-08-22|22|8|2021|7
601|2021-08-23|23|8|2021|1
602|2021-08-24|24|8|2021|2
603|2021-08-25|25|8|2021|3
604|2021-08-26|26|8|2021|4
605|2021-08-27|27|8|2021|5
606|2021-08-28|28|8|2021|6
607|2021-08-29|29|8|2021|7
608|2021-08-30|30|8|2021|1
609|2021-08-31|31|8|2021|2
610|2021-09-01|1|9|2021|3
611|2021-09-02|2|9|2021|4
612|2021-09-03|3|9|2021|5
613|2021-09-04|4|9|2021|6
614|2021-09-05|5|9|2021|7
615|2021-09-06|6|9|2021|1
616|2021-09-07|7|9|2021|2
617|2021-09-08|8|9|2021|3
618|2021-09-09|9|9|2021|4
619|2021-09-10|10|9|2021|5
620|2021-09-11|11|9|2021|6
621|2021-09-12|12|9|2021|7
622|2021-09-13|13|9|2021|1
623|2021-09-14|14|9|2021|2
624|2021-09-15|15|9|2021|3
625|2021-09-16|16|9|2021|4
626|2021-09-17|17|9|2021|5
627|2021-09-18|18|9|2021|6
628|2021-09-19|19|9|2021|7
629|2021-09-20|20|9|2021|1
630|2021-09-21|21|9|2021|2
631|2021-09-22|22|9|2021|3
632|2021-09-23|23|9|2021|4
633|2021-09-24|24|9|2021|5
634|2021-09-25|25|9|2021|6
635|2021-09-26|26|9|2021|7
636|2021-09-27|27|9|2021|1
637|2021-09-28|28|9|2021|2
638|2021-09-29|29|9|2021|3
639|2021-09-30|30|9|2021|4
640|2021-10-01|1|10|2021|5
641|2021-10-02|2|10|2021|6
642|2021-10-03|3|10|2021|7
643|2021-10-04|4|10|2021|1
644|2021-10-05|5|10|2021|2
645|2021-10-06|6|10|2021|3
646|2021-10-07|7|10|2021|4
647|2021-10-08|8|10|2021|5
648|2021-10-09|9|10|2021|6
649|2021-10-10|10|10|2021|7
650|2021-10-11|11|10|2021|1
651|2021-10-12|12|10|2021|2
652|2021-10-13|13|10|2021|3
653|2021-10-14|14|10|2021|4
654|2021-10-15|15|10|2021|5
655|2021-10-16|16|10|2021|6
656|2021-10-17|17|10|2021|7
657|2021-10-18|18|10|2021|1
658|2021-10-19|19|10|2021|2
659|2021-10-20|20|10|2021|3
660|2021-10-21|21|10|2021|4
661|2021-10-22|22|10|2021|5
662|2021-10-23|23|10|2021|6
663|2021-10-24|24|10|2021|7
664|2021-10-25|25|10|2021|1
665|2021-10-26|26|10|2021|2
666|2021-10-27|27|10|2021|3
667|2021-10-28|28|10|2021|4
668|2021-10-29|29|10|2021|5
669|2021-10-30|30|10|2021|6
670|2021-10-31|31|10|2021|7
671|2021-11-01|1|11|2021|1
672|2021-11-02|2|11|2021|2
673|2021-11-03|3|11|2021|3
674|2021-11-04|4|11|2021|4
675|2021-11-05|5|11|2021|5
676|2021-11-06|6|11|2021|6
677|2021-11-07|7|11|2021|7
678|2021-11-08|8|11|2021|1
679|2021-11-09|9|11|2021|2
680|2021-11-10|10|11|2021|3
681|2021-11-11|11|11|2021|4
682|2021-11-12|12|11|2021|5
683|2021-11-13|13|11|2021|6
684|2021-11-14|14|11|2021|7
685|2021-11-15|15|11|2021|1
686|2021-11-16|16|11|2021|2
687|2021-11-17|17|11|2021|3
688|2021-11-18|18|11|2021|4
689|2021-11-19|19|11|2021|5
690|2021-11-20|20|11|2021|6
691|2021-11-21|21|11|2021|7
692|2021-11-22|22|11|2021|1
693|2021-11-23|23|11|2021|2
694|2021-11-24|24|11|2021|3
695|2021-11-25|25|11|2021|4
696|2021-11-26|26|11|2021|5
697|2021-11-27|27|11|2021|6
698|2021-11-28|28|11|2021|7
699|2021-11-29|29|11|2021|1
700|2021-11-30|30|11|2021|2
701|2021-12-01|1|12|2021|3
702|2021-12-02|2|12|2021|4
703|2021-12-03|3|12|2021|5
704|2021-12-04|4|12|2021|6
705|2021-12-05|5|12|2021|7
706|2021-12-06|6|12|2021|1
707|2021-12-07|7|12|2021|2
708|2021-12-08|8|12|2021|3
709|2021-12-09|9|12|2021|4
710|2021-12-10|10|12|2021|5
711|2021-12-11|11|12|2021|6
712|2021-12-12|12|12|2021|7
713|2021-12-13|13|12|2021|1
714|2021-12-14|14|12|2021|2
715|2021-12-15|15|12|2021|3
716|2021-12-16|16|12|2021|4
717|2021-12-17|17|12|2021|5
718|2021-12-18|18|12|2021|6
719|2021-12-19|19|12|2021|7
720|2021-12-20|20|12|2021|1
721|2021-12-21|21|12|2021|2
722|2021-12-22|22|12|2021|3
723|2021-12-23|23|12|2021|4
724|2021-12-24|24|12|2021|5
725|2021-12-25|25|12|2021|6
726|2021-12-26|26|12|2021|7
727|2021-12-27|27|12|2021|1
728|2021-12-28|28|12|2021|2
729|2021-12-29|29|12|2021|3
730|2021-12-30|30|12|2021|4
731|2021-12-31|31|12|2021|5
732|2022-01-01|1|1|2022|6
733|2022-01-02|2|1|2022|7
734|2022-01-03|3|1|2022|1
735|2022-01-04|4|1|2022|2
736|2022-01-05|5|1|2022|3
737|2022-01-06|6|1|2022|4
738|2022-01-07|7|1|2022|5
739|2022-01-08|8|1|2022|6
740|2022-01-09|9|1|2022|7
741|2022-01-10|10|1|2022|1
742|2022-01-11|11|1|2022|2
743|2022-01-12|12|1|2022|3
744|2022-01-13|13|1|2022|4
745|2022-01-14|14|1|2022|5
746|2022-01-15|15|1|2022|6
747|2022-01-16|16|1|2022|7
748|2022-01-17|17|1|2022|1
749|2022-01-18|18|1|2022|2
750|2022-01-19|19|1|2022|3
751|2022-01-20|20|1|2022|4
752|2022-01-21|21|1|2022|5
753|2022-01-22|22|1|2022|6
754|2022-01-23|23|1|2022|7
755|2022-01-24|24|1|2022|1
756|2022-01-25|25|1|2022|2
757|2022-01-26|26|1|2022|3
758|2022-01-27|27|1|2022|4
759|2022-01-28|28|1|2022|5
760|2022-01-29|29|1|2022|6
761|2022-01-30|30|1|2022|7
762|2022-01-31|31|1|2022|1
763|2022-02-01|1|2|2022|2
764|2022-02-02|2|2|2022|3
765|2022-02-03|3|2|2022|4
766|2022-02-04|4|2|2022|5
767|2022-02-05|5|2|2022|6
768|2022-02-06|6|2|2022|7
769|2022-02-07|7|2|2022|1
770|2022-02-08|8|2|2022|2
771|2022-02-09|9|2|2022|3
772|2022-02-10|10|2|2022|4
773|2022-02-11|11|2|2022|5
774|2022-02-12|12|2|2022|6
775|2022-02-13|13|2|2022|7
776|2022-02-14|14|2|2022|1
777|2022-02-15|15|2|2022|2
778|2022-02-16|16|2|2022|3
779|2022-02-17|17|2|2022|4
780|2022-02-18|18|2|2022|5
781|2022-02-19|19|2|2022|6
782|2022-02-20|20|2|2022|7
783|2022-02-21|21|2|2022|1
784|2022-02-22|22|2|2022|2
785|2022-02-23|23|2|2022|3
786|2022-02-24|24|2|2022|4
787|2022-02-25|25|2|2022|5
788|2022-02-26|26|2|2022|6
789|2022-02-27|27|2|2022|7
790|2022-02-28|28|2|2022|1
791|2022-03-01|1|3|2022|2
792|2022-03-02|2|3|2022|3
793|2022-03-03|3|3|2022|4
794|2022-03-04|4|3|2022|5
795|2022-03-05|5|3|2022|6
796|2022-03-06|6|3|2022|7
797|2022-03-07|7|3|2022|1
798|2022-03-08|8|3|2022|2
799|2022-03-09|9|3|2022|3
800|2022-03-10|10|3|2022|4
801|2022-03-11|11|3|2022|5
802|2022-03-12|12|3|2022|6
803|2022-03-13|13|3|2022|7
804|2022-03-14|14|3|2022|1
805|2022-03-15|15|3|2022|2
806|2022-03-16|16|3|2022|3
807|2022-03-17|17|3|2022|4
808|2022-03-18|18|3|2022|5
809|2022-03-19|19|3|2022|6
810|2022-03-20|20|3|2022|7
811|2022-03-21|21|3|2022|1
812|2022-03-22|22|3|2022|2
813|2022-03-23|23|3|2022|3
814|2022-03-24|24|3|2022|4
815|2022-03-25|25|3|2022|5
816|2022-03-26|26|3|2022|6
817|2022-03-27|27|3|2022|7
818|2022-03-28|28|3|2022|1
819|2022-03-29|29|3|2022|2
820|2022-03-30|30|3|2022|3
821|2022-03-31|31|3|2022|4
822|2022-04-01|1|4|2022|5
823|2022-04-02|2|4|2022|6
824|2022-04-03|3|4|2022|7
825|2022-04-04|4|4|2022|1
826|2022-04-05|5|4|2022|2
827|2022-04-06|6|4|2022|3
828|2022-04-07|7|4|2022|4
829|2022-04-08|8|4|2022|5
830|2022-04-09|9|4|2022|6
831|2022-04-10|10|4|2022|7
832|2022-04-11|11|4|2022|1
833|2022-04-12|12|4|2022|2
834|2022-04-13|13|4|2022|3
835|2022-04-14|14|4|2022|4
836|2022-04-15|15|4|2022|5
837|2022-04-16|16|4|2022|6
838|2022-04-17|17|4|2022|7
839|2022-04-18|18|4|2022|1
840|2022-04-19|19|4|2022|2
841|2022-04-20|20|4|2022|3
842|2022-04-21|21|4|2022|4
843|2022-04-22|22|4|2022|5
844|2022-04-23|23|4|2022|6
845|2022-04-24|24|4|2022|7
846|2022-04-25|25|4|2022|1
847|2022-04-26|26|4|2022|2
848|2022-04-27|27|4|2022|3
849|2022-04-28|28|4|2022|4
850|2022-04-29|29|4|2022|5
851|2022-04-30|30|4|2022|6
852|2022-05-01|1|5|2022|7
853|2022-05-02|2|5|2022|1
854|2022-05-03|3|5|2022|2
855|2022-05-04|4|5|2022|3
856|2022-05-05|5|5|2022|4
857|2022-05-06|6|5|2022|5
858|2022-05-07|7|5|2022|6
859|2022-05-08|8|5|2022|7
860|2022-05-09|9|5|2022|1
861|2022-05-10|10|5|2022|2
862|2022-05-11|11|5|2022|3
863|2022-05-12|12|5|2022|4
864|2022-05-13|13|5|2022|5
865|2022-05-14|14|5|2022|6
866|2022-05-15|15|5|2022|7
867|2022-05-16|16|5|2022|1
868|2022-05-17|17|5|2022|2
869|2022-05-18|18|5|2022|3
870|2022-05-19|19|5|2022|4
871|2022-05-20|20|5|2022|5
872|2022-05-21|21|5|2022|6
873|2022-05-22|22|5|2022|7
874|2022-05-23|23|5|2022|1
875|2022-05-24|24|5|2022|2
876|2022-05-25|25|5|2022|3
877|2022-05-26|26|5|2022|4
878|2022-05-27|27|5|2022|5
879|2022-05-28|28|5|2022|6
880|2022-05-29|29|5|2022|7
881|2022-05-30|30|5|2022|1
882|2022-05-31|31|5|2022|2
883|2022-06-01|1|6|2022|3
884|2022-06-02|2|6|2022|4
885|2022-06-03|3|6|2022|5
886|2022-06-04|4|6|2022|6
887|2022-06-05|5|6|2022|7
888|2022-06-06|6|6|2022|1
889|2022-06-07|7|6|2022|2
890|2022-06-08|8|6|2022|3
891|2022-06-09|9|6|2022|4
892|2022-06-10|10|6|2022|5
893|2022-06-11|11|6|2022|6
894|2022-06-12|12|6|2022|7
895|2022-06-13|13|6|2022|1
896|2022-06-14|14|6|2022|2
897|2022-06-15|15|6|2022|3
898|2022-06-16|16|6|2022|4
899|2022-06-17|17|6|2022|5
900|2022-06-18|18|6|2022|6
901|2022-06-19|19|6|2022|7
902|2022-06-20|20|6|2022|1
903|2022-06-21|21|6|2022|2
904|2022-06-22|22|6|2022|3
905|2022-06-23|23|6|2022|4
906|2022-06-24|24|6|2022|5
907|2022-06-25|25|6|2022|6
908|2022-06-26|26|6|2022|7
909|2022-06-27|27|6|2022|1
910|2022-06-28|28|6|2022|2
911|2022-06-29|29|6|2022|3
912|2022-06-30|30|6|2022|4
913|2022-07-01|1|7|2022|5
914|2022-07-02|2|7|2022|6
915|2022-07-03|3|7|2022|7
916|2022-07-04|4|7|2022|1
917|2022-07-05|5|7|2022|2
918|2022-07-06|6|7|2022|3
919|2022-07-07|7|7|2022|4
920|2022-07-08|8|7|2022|5
921|2022-07-09|9|7|2022|6
922|2022-07-10|10|7|2022|7
923|2022-07-11|11|7|2022|1
924|2022-07-12|12|7|2022|2
925|2022-07-13|13|7|2022|3
926|2022-07-14|14|7|2022|4
927|2022-07-15|15|7|2022|5
928|2022-07-16|16|7|2022|6
929|2022-07-17|17|7|2022|7
930|2022-07-18|18|7|2022|1
931|2022-07-19|19|7|2022|2
932|2022-07-20|20|7|2022|3
933|2022-07-21|21|7|2022|4
934|2022-07-22|22|7|2022|5
935|2022-07-23|23|7|2022|6
936|2022-07-24|24|7|2022|7
937|2022-07-25|25|7|2022|1
938|2022-07-26|26|7|2022|2
939|2022-07-27|27|7|2022|3
940|2022-07-28|28|7|2022|4
941|2022-07-29|29|7|2022|5
942|2022-07-30|30|7|2022|6
943|2022-07-31|31|7|2022|7
944|2022-08-01|1|8|2022|1
945|2022-08-02|2|8|2022|2
946|2022-08-03|3|8|2022|3
947|2022-08-04|4|8|2022|4
948|2022-08-05|5|8|2022|5
949|2022-08-06|6|8|2022|6
950|2022-08-07|7|8|2022|7
951|2022-08-08|8|8|2022|1
952|2022-08-09|9|8|2022|2
953|2022-08-10|10|8|2022|3
954|2022-08-11|11|8|2022|4
955|2022-08-12|12|8|2022|5
956|2022-08-13|13|8|2022|6
957|2022-08-14|14|8|2022|7
958|2022-08-15|15|8|2022|1
959|2022-08-16|16|8|2022|2
960|2022-08-17|17|8|2022|3
961|2022-08-18|18|8|2022|4
962|2022-08-19|19|8|2022|5
963|2022-08-20|20|8|2022|6
964|2022-08-21|21|8|2022|7
965|2022-08-22|22|8|2022|1
966|2022-08-23|23|8|2022|2
967|2022-08-24|24|8|2022|3
968|2022-08-25|25|8|2022|4
969|2022-08-26|26|8|2022|5
970|2022-08-27|27|8|2022|6
971|2022-08-28|28|8|2022|7
972|2022-08-29|29|8|2022|1
973|2022-08-30|30|8|2022|2
974|2022-08-31|31|8|2022|3
975|2022-09-01|1|9|2022|4
976|2022-09-02|2|9|2022|5
977|2022-09-03|3|9|2022|6
978|2022-09-04|4|9|2022|7
979|2022-09-05|5|9|2022|1
980|2022-09-06|6|9|2022|2
981|2022-09-07|7|9|2022|3
982|2022-09-08|8|9|2022|4
983|2022-09-09|9|9|2022|5
984|2022-09-10|10|9|2022|6
985|2022-09-11|11|9|2022|7
986|2022-09-12|12|9|2022|1
987|2022-09-13|13|9|2022|2
988|2022-09-14|14|9|2022|3
989|2022-09-15|15|9|2022|4
990|2022-09-16|16|9|2022|5
991|2022-09-17|17|9|2022|6
992|2022-09-18|18|9|2022|7
993|2022-09-19|19|9|2022|1
994|2022-09-20|20|9|2022|2
995|2022-09-21|21|9|2022|3
996|2022-09-22|22|9|2022|4
997|2022-09-23|23|9|2022|5
998|2022-09-24|24|9|2022|6
999|2022-09-25|25|9|2022|7
1000|2022-09-26|26|9|2022|1
1001|2022-09-27|27|9|2022|2
1002|2022-09-28|28|9|2022|3
1003|2022-09-29|29|9|2022|4
1004|2022-09-30|30|9|2022|5
1005|2022-10-01|1|10|2022|6
1006|2022-10-02|2|10|2022|7
1007|2022-10-03|3|10|2022|1
1008|2022-10-04|4|10|2022|2
1009|2022-10-05|5|10|2022|3
1010|2022-10-06|6|10|2022|4
1011|2022-10-07|7|10|2022|5
1012|2022-10-08|8|10|2022|6
1013|2022-10-09|9|10|2022|7
1014|2022-10-10|10|10|2022|1
1015|2022-10-11|11|10|2022|2
1016|2022-10-12|12|10|2022|3
1017|2022-10-13|13|10|2022|4
1018|2022-10-14|14|10|2022|5
1019|2022-10-15|15|10|2022|6
1020|2022-10-16|16|10|2022|7
1021|2022-10-17|17|10|2022|1
1022|2022-10-18|18|10|2022|2
1023|2022-10-19|19|10|2022|3
1024|2022-10-20|20|10|2022|4
1025|2022-10-21|21|10|2022|5
1026|2022-10-22|22|10|2022|6
1027|2022-10-23|23|10|2022|7
1028|2022-10-24|24|10|2022|1
1029|2022-10-25|25|10|2022|2
1030|2022-10-26|26|10|2022|3
1031|2022-10-27|27|10|2022|4
1032|2022-10-28|28|10|2022|5
1033|2022-10-29|29|10|2022|6
1034|2022-10-30|30|10|2022|7
1035|2022-10-31|31|10|2022|1
1036|2022-11-01|1|11|2022|2
1037|2022-11-02|2|11|2022|3
1038|2022-11-03|3|11|2022|4
1039|2022-11-04|4|11|2022|5
1040|2022-11-05|5|11|2022|6
1041|2022-11-06|6|11|2022|7
1042|2022-11-07|7|11|2022|1
1043|2022-11-08|8|11|2022|2
1044|2022-11-09|9|11|2022|3
1045|2022-11-10|10|11|2022|4
1046|2022-11-11|11|11|2022|5
1047|2022-11-12|12|11|2022|6
1048|2022-11-13|13|11|2022|7
1049|2022-11-14|14|11|2022|1
1050|2022-11-15|15|11|2022|2
1051|2022-11-16|16|11|2022|3
1052|2022-11-17|17|11|2022|4
1053|2022-11-18|18|11|2022|5
1054|2022-11-19|19|11|2022|6
1055|2022-11-20|20|11|2022|7
1056|2022-11-21|21|11|2022|1
1057|2022-11-22|22|11|2022|2
1058|2022-11-23|23|11|2022|3
1059|2022-11-24|24|11|2022|4
1060|2022-11-25|25|11|2022|5
1061|2022-11-26|26|11|2022|6
1062|2022-11-27|27|11|2022|7
1063|2022-11-28|28|11|2022|1
1064|2022-11-29|29|11|2022|2
1065|2022-11-30|30|11|2022|3
1066|2022-12-01|1|12|2022|4
1067|2022-12-02|2|12|2022|5
1068|2022-12-03|3|12|2022|6
1069|2022-12-04|4|12|2022|7
1070|2022-12-05|5|12|2022|1
1071|2022-12-06|6|12|2022|2
1072|2022-12-07|7|12|2022|3
1073|2022-12-08|8|12|2022|4
1074|2022-12-09|9|12|2022|5
1075|2022-12-10|10|12|2022|6
1076|2022-12-11|11|12|2022|7
1077|2022-12-12|12|12|2022|1
1078|2022-12-13|13|12|2022|2
1079|2022-12-14|14|12|2022|3
1080|2022-12-15|15|12|2022|4
1081|2022-12-16|16|12|2022|5
1082|2022-12-17|17|12|2022|6
1083|2022-12-18|18|12|2022|7
1084|2022-12-19|19|12|2022|1
1085|2022-12-20|20|12|2022|2
1086|2022-12-21|21|12|2022|3
1087|2022-12-22|22|12|2022|4
1088|2022-12-23|23|12|2022|5
1089|2022-12-24|24|12|2022|6
1090|2022-12-25|25|12|2022|7
1091|2022-12-26|26|12|2022|1
1092|2022-12-27|27|12|2022|2
1093|2022-12-28|28|12|2022|3
1094|2022-12-29|29|12|2022|4
1095|2022-12-30|30|12|2022|5
1096|2022-12-31|31|12|2022|6
1097|2023-01-01|1|1|2023|7
1098|2023-01-02|2|1|2023|1
1099|2023-01-03|3|1|2023|2
1100|2023-01-04|4|1|2023|3
1101|2023-01-05|5|1|2023|4
1102|2023-01-06|6|1|2023|5
1103|2023-01-07|7|1|2023|6
1104|2023-01-08|8|1|2023|7
1105|2023-01-09|9|1|2023|1
1106|2023-01-10|10|1|2023|2
1107|2023-01-11|11|1|2023|3
1108|2023-01-12|12|1|2023|4
1109|2023-01-13|13|1|2023|5
1110|2023-01-14|14|1|2023|6
1111|2023-01-15|15|1|2023|7
1112|2023-01-16|16|1|2023|1
1113|2023-01-17|17|1|2023|2
1114|2023-01-18|18|1|2023|3
1115|2023-01-19|19|1|2023|4
1116|2023-01-20|20|1|2023|5
1117|2023-01-21|21|1|2023|6
1118|2023-01-22|22|1|2023|7
1119|2023-01-23|23|1|2023|1
1120|2023-01-24|24|1|2023|2
1121|2023-01-25|25|1|2023|3
1122|2023-01-26|26|1|2023|4
1123|2023-01-27|27|1|2023|5
1124|2023-01-28|28|1|2023|6
1125|2023-01-29|29|1|2023|7
1126|2023-01-30|30|1|2023|1
1127|2023-01-31|31|1|2023|2
1128|2023-02-01|1|2|2023|3
1129|2023-02-02|2|2|2023|4
1130|2023-02-03|3|2|2023|5
1131|2023-02-04|4|2|2023|6
1132|2023-02-05|5|2|2023|7
1133|2023-02-06|6|2|2023|1
1134|2023-02-07|7|2|2023|2
1135|2023-02-08|8|2|2023|3
1136|2023-02-09|9|2|2023|4
1137|2023-02-10|10|2|2023|5
1138|2023-02-11|11|2|2023|6
1139|2023-02-12|12|2|2023|7
1140|2023-02-13|13|2|2023|1
1141|2023-02-14|14|2|2023|2
1142|2023-02-15|15|2|2023|3
1143|2023-02-16|16|2|2023|4
1144|2023-02-17|17|2|2023|5
1145|2023-02-18|18|2|2023|6
1146|2023-02-19|19|2|2023|7
1147|2023-02-20|20|2|2023|1
1148|2023-02-21|21|2|2023|2
1149|2023-02-22|22|2|2023|3
1150|2023-02-23|23|2|2023|4
1151|2023-02-24|24|2|2023|5
1152|2023-02-25|25|2|2023|6
1153|2023-02-26|26|2|2023|7
1154|2023-02-27|27|2|2023|1
1155|2023-02-28|28|2|2023|2
1156|2023-03-01|1|3|2023|3
1157|2023-03-02|2|3|2023|4
1158|2023-03-03|3|3|2023|5
1159|2023-03-04|4|3|2023|6
1160|2023-03-05|5|3|2023|7
1161|2023-03-06|6|3|2023|1
1162|2023-03-07|7|3|2023|2
1163|2023-03-08|8|3|2023|3
1164|2023-03-09|9|3|2023|4
1165|2023-03-10|10|3|2023|5
1166|2023-03-11|11|3|2023|6
1167|2023-03-12|12|3|2023|7
1168|2023-03-13|13|3|2023|1
1169|2023-03-14|14|3|2023|2
1170|2023-03-15|15|3|2023|3
1171|2023-03-16|16|3|2023|4
1172|2023-03-17|17|3|2023|5
1173|2023-03-18|18|3|2023|6
1174|2023-03-19|19|3|2023|7
1175|2023-03-20|20|3|2023|1
1176|2023-03-21|21|3|2023|2
1177|2023-03-22|22|3|2023|3
1178|2023-03-23|23|3|2023|4
1179|2023-03-24|24|3|2023|5
1180|2023-03-25|25|3|2023|6
1181|2023-03-26|26|3|2023|7
1182|2023-03-27|27|3|2023|1
1183|2023-03-28|28|3|2023|2
1184|2023-03-29|29|3|2023|3
1185|2023-03-30|30|3|2023|4
1186|2023-03-31|31|3|2023|5
1187|2023-04-01|1|4|2023|6
1188|2023-04-02|2|4|2023|7
1189|2023-04-03|3|4|2023|1
1190|2023-04-04|4|4|2023|2
1191|2023-04-05|5|4|2023|3
1192|2023-04-06|6|4|2023|4
1193|2023-04-07|7|4|2023|5
1194|2023-04-08|8|4|2023|6
1195|2023-04-09|9|4|2023|7
1196|2023-04-10|10|4|2023|1
1197|2023-04-11|11|4|2023|2
1198|2023-04-12|12|4|2023|3
1199|2023-04-13|13|4|2023|4
1200|2023-04-14|14|4|2023|5
1201|2023-04-15|15|4|2023|6
1202|2023-04-16|16|4|2023|7
1203|2023-04-17|17|4|2023|1
1204|2023-04-18|18|4|2023|2
1205|2023-04-19|19|4|2023|3
1206|2023-04-20|20|4|2023|4
1207|2023-04-21|21|4|2023|5
1208|2023-04-22|22|4|2023|6
1209|2023-04-23|23|4|2023|7
1210|2023-04-24|24|4|2023|1
1211|2023-04-25|25|4|2023|2
1212|2023-04-26|26|4|2023|3
1213|2023-04-27|27|4|2023|4
1214|2023-04-28|28|4|2023|5
1215|2023-04-29|29|4|2023|6
1216|2023-04-30|30|4|2023|7
1217|2023-05-01|1|5|2023|1
1218|2023-05-02|2|5|2023|2
1219|2023-05-03|3|5|2023|3
1220|2023-05-04|4|5|2023|4
1221|2023-05-05|5|5|2023|5
1222|2023-05-06|6|5|2023|6
1223|2023-05-07|7|5|2023|7
1224|2023-05-08|8|5|2023|1
1225|2023-05-09|9|5|2023|2
1226|2023-05-10|10|5|2023|3
1227|2023-05-11|11|5|2023|4
1228|2023-05-12|12|5|2023|5
1229|2023-05-13|13|5|2023|6
1230|2023-05-14|14|5|2023|7
1231|2023-05-15|15|5|2023|1
1232|2023-05-16|16|5|2023|2
1233|2023-05-17|17|5|2023|3
1234|2023-05-18|18|5|2023|4
1235|2023-05-19|19|5|2023|5
1236|2023-05-20|20|5|2023|6
1237|2023-05-21|21|5|2023|7
1238|2023-05-22|22|5|2023|1
1239|2023-05-23|23|5|2023|2
1240|2023-05-24|24|5|2023|3
1241|2023-05-25|25|5|2023|4
1242|2023-05-26|26|5|2023|5
1243|2023-05-27|27|5|2023|6
1244|2023-05-28|28|5|2023|7
1245|2023-05-29|29|5|2023|1
1246|2023-05-30|30|5|2023|2
1247|2023-05-31|31|5|2023|3
1248|2023-06-01|1|6|2023|4
1249|2023-06-02|2|6|2023|5
1250|2023-06-03|3|6|2023|6
1251|2023-06-04|4|6|2023|7
1252|2023-06-05|5|6|2023|1
1253|2023-06-06|6|6|2023|2
1254|2023-06-07|7|6|2023|3
1255|2023-06-08|8|6|2023|4
1256|2023-06-09|9|6|2023|5
1257|2023-06-10|10|6|2023|6
1258|2023-06-11|11|6|2023|7
1259|2023-06-12|12|6|2023|1
1260|2023-06-13|13|6|2023|2
1261|2023-06-14|14|6|2023|3
1262|2023-06-15|15|6|2023|4
1263|2023-06-16|16|6|2023|5
1264|2023-06-17|17|6|2023|6
1265|2023-06-18|18|6|2023|7
1266|2023-06-19|19|6|2023|1
1267|2023-06-20|20|6|2023|2
1268|2023-06-21|21|6|2023|3
1269|2023-06-22|22|6|2023|4
1270|2023-06-23|23|6|2023|5
1271|2023-06-24|24|6|2023|6
1272|2023-06-25|25|6|2023|7
1273|2023-06-26|26|6|2023|1
1274|2023-06-27|27|6|2023|2
1275|2023-06-28|28|6|2023|3
1276|2023-06-29|29|6|2023|4
1277|2023-06-30|30|6|2023|5
1278|2023-07-01|1|7|2023|6
1279|2023-07-02|2|7|2023|7
1280|2023-07-03|3|7|2023|1
1281|2023-07-04|4|7|2023|2
1282|2023-07-05|5|7|2023|3
1283|2023-07-06|6|7|2023|4
1284|2023-07-07|7|7|2023|5
1285|2023-07-08|8|7|2023|6
1286|2023-07-09|9|7|2023|7
1287|2023-07-10|10|7|2023|1
1288|2023-07-11|11|7|2023|2
1289|2023-07-12|12|7|2023|3
1290|2023-07-13|13|7|2023|4
1291|2023-07-14|14|7|2023|5
1292|2023-07-15|15|7|2023|6
1293|2023-07-16|16|7|2023|7
1294|2023-07-17|17|7|2023|1
1295|2023-07-18|18|7|2023|2
1296|2023-07-19|19|7|2023|3
1297|2023-07-20|20|7|2023|4
1298|2023-07-21|21|7|2023|5
1299|2023-07-22|22|7|2023|6
1300|2023-07-23|23|7|2023|7
1301|2023-07-24|24|7|2023|1
1302|2023-07-25|25|7|2023|2
1303|2023-07-26|26|7|2023|3
1304|2023-07-27|27|7|2023|4
1305|2023-07-28|28|7|2023|5
1306|2023-07-29|29|7|2023|6
1307|2023-07-30|30|7|2023|7
1308|2023-07-31|31|7|2023|1
1309|2023-08-01|1|8|2023|2
1310|2023-08-02|2|8|2023|3
1311|2023-08-03|3|8|2023|4
1312|2023-08-04|4|8|2023|5
1313|2023-08-05|5|8|2023|6
1314|2023-08-06|6|8|2023|7
1315|2023-08-07|7|8|2023|1
1316|2023-08-08|8|8|2023|2
1317|2023-08-09|9|8|2023|3
1318|2023-08-10|10|8|2023|4
1319|2023-08-11|11|8|2023|5
1320|2023-08-12|12|8|2023|6
1321|2023-08-13|13|8|2023|7
1322|2023-08-14|14|8|2023|1
1323|2023-08-15|15|8|2023|2
1324|2023-08-16|16|8|2023|3
1325|2023-08-17|17|8|2023|4
1326|2023-08-18|18|8|2023|5
1327|2023-08-19|19|8|2023|6
1328|2023-08-20|20|8|2023|7
1329|2023-08-21|21|8|2023|1
1330|2023-08-22|22|8|2023|2
1331|2023-08-23|23|8|2023|3
1332|2023-08-24|24|8|2023|4
1333|2023-08-25|25|8|2023|5
1334|2023-08-26|26|8|2023|6
1335|2023-08-27|27|8|2023|7
1336|2023-08-28|28|8|2023|1
1337|2023-08-29|29|8|2023|2
1338|2023-08-30|30|8|2023|3
1339|2023-08-31|31|8|2023|4
1340|2023-09-01|1|9|2023|5
1341|2023-09-02|2|9|2023|6
1342|2023-09-03|3|9|2023|7
1343|2023-09-04|4|9|2023|1
1344|2023-09-05|5|9|2023|2
1345|2023-09-06|6|9|2023|3
1346|2023-09-07|7|9|2023|4
1347|2023-09-08|8|9|2023|5
1348|2023-09-09|9|9|2023|6
1349|2023-09-10|10|9|2023|7
1350|2023-09-11|11|9|2023|1
1351|2023-09-12|12|9|2023|2
1352|2023-09-13|13|9|2023|3
1353|2023-09-14|14|9|2023|4
1354|2023-09-15|15|9|2023|5
1355|2023-09-16|16|9|2023|6
1356|2023-09-17|17|9|2023|7
1357|2023-09-18|18|9|2023|1
1358|2023-09-19|19|9|2023|2
1359|2023-09-20|20|9|2023|3
1360|2023-09-21|21|9|2023|4
1361|2023-09-22|22|9|2023|5
1362|2023-09-23|23|9|2023|6
1363|2023-09-24|24|9|2023|7
1364|2023-09-25|25|9|2023|1
1365|2023-09-26|26|9|2023|2
1366|2023-09-27|27|9|2023|3
1367|2023-09-28|28|9|2023|4
1368|2023-09-29|29|9|2023|5
1369|2023-09-30|30|9|2023|6
1370|2023-10-01|1|10|2023|7
1371|2023-10-02|2|10|2023|1
1372|2023-10-03|3|10|2023|2
1373|2023-10-04|4|10|2023|3
1374|2023-10-05|5|10|2023|4
1375|2023-10-06|6|10|2023|5
1376|2023-10-07|7|10|2023|6
1377|2023-10-08|8|10|2023|7
1378|2023-10-09|9|10|2023|1
1379|2023-10-10|10|10|2023|2
1380|2023-10-11|11|10|2023|3
1381|2023-10-12|12|10|2023|4
1382|2023-10-13|13|10|2023|5
1383|2023-10-14|14|10|2023|6
1384|2023-10-15|15|10|2023|7
1385|2023-10-16|16|10|2023|1
1386|2023-10-17|17|10|2023|2
1387|2023-10-18|18|10|2023|3
1388|2023-10-19|19|10|2023|4
1389|2023-10-20|20|10|2023|5
1390|2023-10-21|21|10|2023|6
1391|2023-10-22|22|10|2023|7
1392|2023-10-23|23|10|2023|1
1393|2023-10-24|24|10|2023|2
1394|2023-10-25|25|10|2023|3
1395|2023-10-26|26|10|2023|4
1396|2023-10-27|27|10|2023|5
1397|2023-10-28|28|10|2023|6
1398|2023-10-29|29|10|2023|7
1399|2023-10-30|30|10|2023|1
1400|2023-10-31|31|10|2023|2
1401|2023-11-01|1|11|2023|3
1402|2023-11-02|2|11|2023|4
1403|2023-11-03|3|11|2023|5
1404|2023-11-04|4|11|2023|6
1405|2023-11-05|5|11|2023|7
1406|2023-11-06|6|11|2023|1
1407|2023-11-07|7|11|2023|2
1408|2023-11-08|8|11|2023|3
1409|2023-11-09|9|11|2023|4
1410|2023-11-10|10|11|2023|5
1411|2023-11-11|11|11|2023|6
1412|2023-11-12|12|11|2023|7
1413|2023-11-13|13|11|2023|1
1414|2023-11-14|14|11|2023|2
1415|2023-11-15|15|11|2023|3
1416|2023-11-16|16|11|2023|4
1417|2023-11-17|17|11|2023|5
1418|2023-11-18|18|11|2023|6
1419|2023-11-19|19|11|2023|7
1420|2023-11-20|20|11|2023|1
1421|2023-11-21|21|11|2023|2
1422|2023-11-22|22|11|2023|3
1423|2023-11-23|23|11|2023|4
1424|2023-11-24|24|11|2023|5
1425|2023-11-25|25|11|2023|6
1426|2023-11-26|26|11|2023|7
1427|2023-11-27|27|11|2023|1
1428|2023-11-28|28|11|2023|2
1429|2023-11-29|29|11|2023|3
1430|2023-11-30|30|11|2023|4
1431|2023-12-01|1|12|2023|5
1432|2023-12-02|2|12|2023|6
1433|2023-12-03|3|12|2023|7
1434|2023-12-04|4|12|2023|1
1435|2023-12-05|5|12|2023|2
1436|2023-12-06|6|12|2023|3
1437|2023-12-07|7|12|2023|4
1438|2023-12-08|8|12|2023|5
1439|2023-12-09|9|12|2023|6
1440|2023-12-10|10|12|2023|7
1441|2023-12-11|11|12|2023|1
1442|2023-12-12|12|12|2023|2
1443|2023-12-13|13|12|2023|3
1444|2023-12-14|14|12|2023|4
1445|2023-12-15|15|12|2023|5
1446|2023-12-16|16|12|2023|6
1447|2023-12-17|17|12|2023|7
1448|2023-12-18|18|12|2023|1
1449|2023-12-19|19|12|2023|2
1450|2023-12-20|20|12|2023|3
1451|2023-12-21|21|12|2023|4
1452|2023-12-22|22|12|2023|5
1453|2023-12-23|23|12|2023|6
1454|2023-12-24|24|12|2023|7
1455|2023-12-25|25|12|2023|1
1456|2023-12-26|26|12|2023|2
1457|2023-12-27|27|12|2023|3
1458|2023-12-28|28|12|2023|4
1459|2023-12-29|29|12|2023|5
1460|2023-12-30|30|12|2023|6
1461|2023-12-31|31|12|2023|7
1462|2024-01-01|1|1|2024|1
1463|2024-01-02|2|1|2024|2
1464|2024-01-03|3|1|2024|3
1465|2024-01-04|4|1|2024|4
1466|2024-01-05|5|1|2024|5
1467|2024-01-06|6|1|2024|6
1468|2024-01-07|7|1|2024|7
1469|2024-01-08|8|1|2024|1
1470|2024-01-09|9|1|2024|2
1471|2024-01-10|10|1|2024|3
1472|2024-01-11|11|1|2024|4
1473|2024-01-12|12|1|2024|5
1474|2024-01-13|13|1|2024|6
1475|2024-01-14|14|1|2024|7
1476|2024-01-15|15|1|2024|1
1477|2024-01-16|16|1|2024|2
1478|2024-01-17|17|1|2024|3
1479|2024-01-18|18|1|2024|4
1480|2024-01-19|19|1|2024|5
1481|2024-01-20|20|1|2024|6
1482|2024-01-21|21|1|2024|7
1483|2024-01-22|22|1|2024|1
1484|2024-01-23|23|1|2024|2
1485|2024-01-24|24|1|2024|3
1486|2024-01-25|25|1|2024|4
1487|2024-01-26|26|1|2024|5
1488|2024-01-27|27|1|2024|6
1489|2024-01-28|28|1|2024|7
1490|2024-01-29|29|1|2024|1
1491|2024-01-30|30|1|2024|2
1492|2024-01-31|31|1|2024|3
1493|2024-02-01|1|2|2024|4
1494|2024-02-02|2|2|2024|5
1495|2024-02-03|3|2|2024|6
1496|2024-02-04|4|2|2024|7
1497|2024-02-05|5|2|2024|1
1498|2024-02-06|6|2|2024|2
1499|2024-02-07|7|2|2024|3
1500|2024-02-08|8|2|2024|4
1501|2024-02-09|9|2|2024|5
1502|2024-02-10|10|2|2024|6
1503|2024-02-11|11|2|2024|7
1504|2024-02-12|12|2|2024|1
1505|2024-02-13|13|2|2024|2
1506|2024-02-14|14|2|2024|3
1507|2024-02-15|15|2|2024|4
1508|2024-02-16|16|2|2024|5
1509|2024-02-17|17|2|2024|6
1510|2024-02-18|18|2|2024|7
1511|2024-02-19|19|2|2024|1
1512|2024-02-20|20|2|2024|2
1513|2024-02-21|21|2|2024|3
1514|2024-02-22|22|2|2024|4
1515|2024-02-23|23|2|2024|5
1516|2024-02-24|24|2|2024|6
1517|2024-02-25|25|2|2024|7
1518|2024-02-26|26|2|2024|1
1519|2024-02-27|27|2|2024|2
1520|2024-02-28|28|2|2024|3
1521|2024-02-29|29|2|2024|4
1522|2024-03-01|1|3|2024|5
1523|2024-03-02|2|3|2024|6
1524|2024-03-03|3|3|2024|7
1525|2024-03-04|4|3|2024|1
1526|2024-03-05|5|3|2024|2
1527|2024-03-06|6|3|2024|3
1528|2024-03-07|7|3|2024|4
1529|2024-03-08|8|3|2024|5
1530|2024-03-09|9|3|2024|6
1531|2024-03-10|10|3|2024|7
1532|2024-03-11|11|3|2024|1
1533|2024-03-12|12|3|2024|2
1534|2024-03-13|13|3|2024|3
1535|2024-03-14|14|3|2024|4
1536|2024-03-15|15|3|2024|5
1537|2024-03-16|16|3|2024|6
1538|2024-03-17|17|3|2024|7
1539|2024-03-18|18|3|2024|1
1540|2024-03-19|19|3|2024|2
1541|2024-03-20|20|3|2024|3
1542|2024-03-21|21|3|2024|4
1543|2024-03-22|22|3|2024|5
1544|2024-03-23|23|3|2024|6
1545|2024-03-24|24|3|2024|7
1546|2024-03-25|25|3|2024|1
1547|2024-03-26|26|3|2024|2
1548|2024-03-27|27|3|2024|3
1549|2024-03-28|28|3|2024|4
1550|2024-03-29|29|3|2024|5
1551|2024-03-30|30|3|2024|6
1552|2024-03-31|31|3|2024|7
1553|2024-04-01|1|4|2024|1
1554|2024-04-02|2|4|2024|2
1555|2024-04-03|3|4|2024|3
1556|2024-04-04|4|4|2024|4
1557|2024-04-05|5|4|2024|5
1558|2024-04-06|6|4|2024|6
1559|2024-04-07|7|4|2024|7
1560|2024-04-08|8|4|2024|1
1561|2024-04-09|9|4|2024|2
1562|2024-04-10|10|4|2024|3
1563|2024-04-11|11|4|2024|4
1564|2024-04-12|12|4|2024|5
1565|2024-04-13|13|4|2024|6
1566|2024-04-14|14|4|2024|7
1567|2024-04-15|15|4|2024|1
1568|2024-04-16|16|4|2024|2
1569|2024-04-17|17|4|2024|3
1570|2024-04-18|18|4|2024|4
1571|2024-04-19|19|4|2024|5
1572|2024-04-20|20|4|2024|6
1573|2024-04-21|21|4|2024|7
1574|2024-04-22|22|4|2024|1
1575|2024-04-23|23|4|2024|2
1576|2024-04-24|24|4|2024|3
1577|2024-04-25|25|4|2024|4
1578|2024-04-26|26|4|2024|5
1579|2024-04-27|27|4|2024|6
1580|2024-04-28|28|4|2024|7
1581|2024-04-29|29|4|2024|1
1582|2024-04-30|30|4|2024|2
1583|2024-05-01|1|5|2024|3
1584|2024-05-02|2|5|2024|4
1585|2024-05-03|3|5|2024|5
1586|2024-05-04|4|5|2024|6
1587|2024-05-05|5|5|2024|7
1588|2024-05-06|6|5|2024|1
1589|2024-05-07|7|5|2024|2
1590|2024-05-08|8|5|2024|3
1591|2024-05-09|9|5|2024|4
1592|2024-05-10|10|5|2024|5
1593|2024-05-11|11|5|2024|6
1594|2024-05-12|12|5|2024|7
1595|2024-05-13|13|5|2024|1
1596|2024-05-14|14|5|2024|2
1597|2024-05-15|15|5|2024|3
1598|2024-05-16|16|5|2024|4
1599|2024-05-17|17|5|2024|5
1600|2024-05-18|18|5|2024|6
1601|2024-05-19|19|5|2024|7
1602|2024-05-20|20|5|2024|1
1603|2024-05-21|21|5|2024|2
1604|2024-05-22|22|5|2024|3
1605|2024-05-23|23|5|2024|4
1606|2024-05-24|24|5|2024|5
1607|2024-05-25|25|5|2024|6
1608|2024-05-26|26|5|2024|7
1609|2024-05-27|27|5|2024|1
1610|2024-05-28|28|5|2024|2
1611|2024-05-29|29|5|2024|3
1612|2024-05-30|30|5|2024|4
1613|2024-05-31|31|5|2024|5
1614|2024-06-01|1|6|2024|6
1615|2024-06-02|2|6|2024|7
1616|2024-06-03|3|6|2024|1
1617|2024-06-04|4|6|2024|2
1618|2024-06-05|5|6|2024|3
1619|2024-06-06|6|6|2024|4
1620|2024-06-07|7|6|2024|5
1621|2024-06-08|8|6|2024|6
1622|2024-06-09|9|6|2024|7
1623|2024-06-10|10|6|2024|1
1624|2024-06-11|11|6|2024|2
1625|2024-06-12|12|6|2024|3
1626|2024-06-13|13|6|2024|4
1627|2024-06-14|14|6|2024|5
1628|2024-06-15|15|6|2024|6
1629|2024-06-16|16|6|2024|7
1630|2024-06-17|17|6|2024|1
1631|2024-06-18|18|6|2024|2
1632|2024-06-19|19|6|2024|3
1633|2024-06-20|20|6|2024|4
1634|2024-06-21|21|6|2024|5
1635|2024-06-22|22|6|2024|6
1636|2024-06-23|23|6|2024|7
1637|2024-06-24|24|6|2024|1
1638|2024-06-25|25|6|2024|2
1639|2024-06-26|26|6|2024|3
1640|2024-06-27|27|6|2024|4
1641|2024-06-28|28|6|2024|5
1642|2024-06-29|29|6|2024|6
1643|2024-06-30|30|6|2024|7
1644|2024-07-01|1|7|2024|1
1645|2024-07-02|2|7|2024|2
1646|2024-07-03|3|7|2024|3
1647|2024-07-04|4|7|2024|4
1648|2024-07-05|5|7|2024|5
1649|2024-07-06|6|7|2024|6
1650|2024-07-07|7|7|2024|7
1651|2024-07-08|8|7|2024|1
1652|2024-07-09|9|7|2024|2
1653|2024-07-10|10|7|2024|3
1654|2024-07-11|11|7|2024|4
1655|2024-07-12|12|7|2024|5
1656|2024-07-13|13|7|2024|6
1657|2024-07-14|14|7|2024|7
1658|2024-07-15|15|7|2024|1
1659|2024-07-16|16|7|2024|2
1660|2024-07-17|17|7|2024|3
1661|2024-07-18|18|7|2024|4
1662|2024-07-19|19|7|2024|5
1663|2024-07-20|20|7|2024|6
1664|2024-07-21|21|7|2024|7
1665|2024-07-22|22|7|2024|1
1666|2024-07-23|23|7|2024|2
1667|2024-07-24|24|7|2024|3
1668|2024-07-25|25|7|2024|4
1669|2024-07-26|26|7|2024|5
1670|2024-07-27|27|7|2024|6
1671|2024-07-28|28|7|2024|7
1672|2024-07-29|29|7|2024|1
1673|2024-07-30|30|7|2024|2
1674|2024-07-31|31|7|2024|3
1675|2024-08-01|1|8|2024|4
1676|2024-08-02|2|8|2024|5
1677|2024-08-03|3|8|2024|6
1678|2024-08-04|4|8|2024|7
1679|2024-08-05|5|8|2024|1
1680|2024-08-06|6|8|2024|2
1681|2024-08-07|7|8|2024|3
1682|2024-08-08|8|8|2024|4
1683|2024-08-09|9|8|2024|5
1684|2024-08-10|10|8|2024|6
1685|2024-08-11|11|8|2024|7
1686|2024-08-12|12|8|2024|1
1687|2024-08-13|13|8|2024|2
1688|2024-08-14|14|8|2024|3
1689|2024-08-15|15|8|2024|4
1690|2024-08-16|16|8|2024|5
1691|2024-08-17|17|8|2024|6
1692|2024-08-18|18|8|2024|7
1693|2024-08-19|19|8|2024|1
1694|2024-08-20|20|8|2024|2
1695|2024-08-21|21|8|2024|3
1696|2024-08-22|22|8|2024|4
1697|2024-08-23|23|8|2024|5
1698|2024-08-24|24|8|2024|6
1699|2024-08-25|25|8|2024|7
1700|2024-08-26|26|8|2024|1
1701|2024-08-27|27|8|2024|2
1702|2024-08-28|28|8|2024|3
1703|2024-08-29|29|8|2024|4
1704|2024-08-30|30|8|2024|5
1705|2024-08-31|31|8|2024|6
1706|2024-09-01|1|9|2024|7
1707|2024-09-02|2|9|2024|1
1708|2024-09-03|3|9|2024|2
1709|2024-09-04|4|9|2024|3
1710|2024-09-05|5|9|2024|4
1711|2024-09-06|6|9|2024|5
1712|2024-09-07|7|9|2024|6
1713|2024-09-08|8|9|2024|7
1714|2024-09-09|9|9|2024|1
1715|2024-09-10|10|9|2024|2
1716|2024-09-11|11|9|2024|3
1717|2024-09-12|12|9|2024|4
1718|2024-09-13|13|9|2024|5
1719|2024-09-14|14|9|2024|6
1720|2024-09-15|15|9|2024|7
1721|2024-09-16|16|9|2024|1
1722|2024-09-17|17|9|2024|2
1723|2024-09-18|18|9|2024|3
1724|2024-09-19|19|9|2024|4
1725|2024-09-20|20|9|2024|5
1726|2024-09-21|21|9|2024|6
1727|2024-09-22|22|9|2024|7
1728|2024-09-23|23|9|2024|1
1729|2024-09-24|24|9|2024|2
1730|2024-09-25|25|9|2024|3
1731|2024-09-26|26|9|2024|4
1732|2024-09-27|27|9|2024|5
1733|2024-09-28|28|9|2024|6
1734|2024-09-29|29|9|2024|7
1735|2024-09-30|30|9|2024|1
1736|2024-10-01|1|10|2024|2
1737|2024-10-02|2|10|2024|3
1738|2024-10-03|3|10|2024|4
1739|2024-10-04|4|10|2024|5
1740|2024-10-05|5|10|2024|6
1741|2024-10-06|6|10|2024|7
1742|2024-10-07|7|10|2024|1
1743|2024-10-08|8|10|2024|2
1744|2024-10-09|9|10|2024|3
1745|2024-10-10|10|10|2024|4
1746|2024-10-11|11|10|2024|5
1747|2024-10-12|12|10|2024|6
1748|2024-10-13|13|10|2024|7
1749|2024-10-14|14|10|2024|1
1750|2024-10-15|15|10|2024|2
1751|2024-10-16|16|10|2024|3
1752|2024-10-17|17|10|2024|4
1753|2024-10-18|18|10|2024|5
1754|2024-10-19|19|10|2024|6
1755|2024-10-20|20|10|2024|7
1756|2024-10-21|21|10|2024|1
1757|2024-10-22|22|10|2024|2
1758|2024-10-23|23|10|2024|3
1759|2024-10-24|24|10|2024|4
1760|2024-10-25|25|10|2024|5
1761|2024-10-26|26|10|2024|6
1762|2024-10-27|27|10|2024|7
1763|2024-10-28|28|10|2024|1
1764|2024-10-29|29|10|2024|2
1765|2024-10-30|30|10|2024|3
1766|2024-10-31|31|10|2024|4
1767|2024-11-01|1|11|2024|5
1768|2024-11-02|2|11|2024|6
1769|2024-11-03|3|11|2024|7
1770|2024-11-04|4|11|2024|1
1771|2024-11-05|5|11|2024|2
1772|2024-11-06|6|11|2024|3
1773|2024-11-07|7|11|2024|4
1774|2024-11-08|8|11|2024|5
1775|2024-11-09|9|11|2024|6
1776|2024-11-10|10|11|2024|7
1777|2024-11-11|11|11|2024|1
1778|2024-11-12|12|11|2024|2
1779|2024-11-13|13|11|2024|3
1780|2024-11-14|14|11|2024|4
1781|2024-11-15|15|11|2024|5
1782|2024-11-16|16|11|2024|6
1783|2024-11-17|17|11|2024|7
1784|2024-11-18|18|11|2024|1
1785|2024-11-19|19|11|2024|2
1786|2024-11-20|20|11|2024|3
1787|2024-11-21|21|11|2024|4
1788|2024-11-22|22|11|2024|5
1789|2024-11-23|23|11|2024|6
1790|2024-11-24|24|11|2024|7
1791|2024-11-25|25|11|2024|1
1792|2024-11-26|26|11|2024|2
1793|2024-11-27|27|11|2024|3
1794|2024-11-28|28|11|2024|4
1795|2024-11-29|29|11|2024|5
1796|2024-11-30|30|11|2024|6
1797|2024-12-01|1|12|2024|7
1798|2024-12-02|2|12|2024|1
1799|2024-12-03|3|12|2024|2
1800|2024-12-04|4|12|2024|3
1801|2024-12-05|5|12|2024|4
1802|2024-12-06|6|12|2024|5
1803|2024-12-07|7|12|2024|6
1804|2024-12-08|8|12|2024|7
1805|2024-12-09|9|12|2024|1
1806|2024-12-10|10|12|2024|2
1807|2024-12-11|11|12|2024|3
1808|2024-12-12|12|12|2024|4
1809|2024-12-13|13|12|2024|5
1810|2024-12-14|14|12|2024|6
1811|2024-12-15|15|12|2024|7
1812|2024-12-16|16|12|2024|1
1813|2024-12-17|17|12|2024|2
1814|2024-12-18|18|12|2024|3
1815|2024-12-19|19|12|2024|4
1816|2024-12-20|20|12|2024|5
1817|2024-12-21|21|12|2024|6
1818|2024-12-22|22|12|2024|7
1819|2024-12-23|23|12|2024|1
1820|2024-12-24|24|12|2024|2
1821|2024-12-25|25|12|2024|3
1822|2024-12-26|26|12|2024|4
1823|2024-12-27|27|12|2024|5
1824|2024-12-28|28|12|2024|6
1825|2024-12-29|29|12|2024|7
1826|2024-12-30|30|12|2024|1
1827|2024-12-31|31|12|2024|2
